-- MySQL dump 10.13  Distrib 8.0.38, for Win64 (x86_64)
--
-- Host: localhost    Database: mm22
-- ------------------------------------------------------
-- Server version	8.0.39

/*!40101 SET @OLD_CHARACTER_SET_CLIENT=@@CHARACTER_SET_CLIENT */;
/*!40101 SET @OLD_CHARACTER_SET_RESULTS=@@CHARACTER_SET_RESULTS */;
/*!40101 SET @OLD_COLLATION_CONNECTION=@@COLLATION_CONNECTION */;
/*!50503 SET NAMES utf8 */;
/*!40103 SET @OLD_TIME_ZONE=@@TIME_ZONE */;
/*!40103 SET TIME_ZONE='+00:00' */;
/*!40014 SET @OLD_UNIQUE_CHECKS=@@UNIQUE_CHECKS, UNIQUE_CHECKS=0 */;
/*!40014 SET @OLD_FOREIGN_KEY_CHECKS=@@FOREIGN_KEY_CHECKS, FOREIGN_KEY_CHECKS=0 */;
/*!40101 SET @OLD_SQL_MODE=@@SQL_MODE, SQL_MODE='NO_AUTO_VALUE_ON_ZERO' */;
/*!40111 SET @OLD_SQL_NOTES=@@SQL_NOTES, SQL_NOTES=0 */;

--
-- Table structure for table `comment`
--

DROP TABLE IF EXISTS `comment`;
/*!40101 SET @saved_cs_client     = @@character_set_client */;
/*!50503 SET character_set_client = utf8mb4 */;
CREATE TABLE `comment` (
  `id` int NOT NULL AUTO_INCREMENT,
  `studentid` bigint DEFAULT NULL,
  `comment` varchar(256) DEFAULT NULL,
  PRIMARY KEY (`id`),
  KEY `studentid` (`studentid`),
  CONSTRAINT `comment_ibfk_1` FOREIGN KEY (`studentid`) REFERENCES `student` (`id`)
) ENGINE=InnoDB AUTO_INCREMENT=6 DEFAULT CHARSET=utf8mb4 COLLATE=utf8mb4_0900_ai_ci;
/*!40101 SET character_set_client = @saved_cs_client */;

--
-- Dumping data for table `comment`
--

LOCK TABLES `comment` WRITE;
/*!40000 ALTER TABLE `comment` DISABLE KEYS */;
INSERT INTO `comment` VALUES (1,39904221112,'Rikkus tunni ajal korda'),(3,60205147621,'Oli t채na v채ga tubli'),(4,60605089235,'Slayes nii v채ga'),(5,83294469238,'Hilines');
/*!40000 ALTER TABLE `comment` ENABLE KEYS */;
UNLOCK TABLES;

--
-- Table structure for table `course`
--

DROP TABLE IF EXISTS `course`;
/*!40101 SET @saved_cs_client     = @@character_set_client */;
/*!50503 SET character_set_client = utf8mb4 */;
CREATE TABLE `course` (
  `code` varchar(8) NOT NULL,
  `description` varchar(256) DEFAULT NULL,
  PRIMARY KEY (`code`)
) ENGINE=InnoDB DEFAULT CHARSET=utf8mb4 COLLATE=utf8mb4_0900_ai_ci;
/*!40101 SET character_set_client = @saved_cs_client */;

--
-- Dumping data for table `course`
--

LOCK TABLES `course` WRITE;
/*!40000 ALTER TABLE `course` DISABLE KEYS */;
INSERT INTO `course` VALUES ('ART','Kunst'),('CHEM','Keemia'),('MATH_K','Kitsas matemaatika'),('MATH_L','Lai matemaatika');
/*!40000 ALTER TABLE `course` ENABLE KEYS */;
UNLOCK TABLES;

--
-- Table structure for table `stgroup`
--

DROP TABLE IF EXISTS `stgroup`;
/*!40101 SET @saved_cs_client     = @@character_set_client */;
/*!50503 SET character_set_client = utf8mb4 */;
CREATE TABLE `stgroup` (
  `code` varchar(8) NOT NULL,
  `description` varchar(256) DEFAULT NULL,
  PRIMARY KEY (`code`)
) ENGINE=InnoDB DEFAULT CHARSET=utf8mb4 COLLATE=utf8mb4_0900_ai_ci;
/*!40101 SET character_set_client = @saved_cs_client */;

--
-- Dumping data for table `stgroup`
--

LOCK TABLES `stgroup` WRITE;
/*!40000 ALTER TABLE `stgroup` DISABLE KEYS */;
INSERT INTO `stgroup` VALUES ('MM-22','2022 Multimeedia'),('MM-23','2023 Multimeedia'),('TA-23A','2023 tarkvaraarendajad (eesti)'),('TA-23B','2023 tarkvaraarendajad (vene)');
/*!40000 ALTER TABLE `stgroup` ENABLE KEYS */;
UNLOCK TABLES;

--
-- Table structure for table `student`
--

DROP TABLE IF EXISTS `student`;
/*!40101 SET @saved_cs_client     = @@character_set_client */;
/*!50503 SET character_set_client = utf8mb4 */;
CREATE TABLE `student` (
  `id` bigint NOT NULL,
  `firstname` varchar(256) DEFAULT NULL,
  `lastname` varchar(256) DEFAULT NULL,
  `birthdate` date DEFAULT NULL,
  `groupcode` varchar(8) DEFAULT NULL,
  PRIMARY KEY (`id`),
  KEY `groupcode` (`groupcode`),
  CONSTRAINT `student_ibfk_1` FOREIGN KEY (`groupcode`) REFERENCES `stgroup` (`code`)
) ENGINE=InnoDB DEFAULT CHARSET=utf8mb4 COLLATE=utf8mb4_0900_ai_ci;
/*!40101 SET character_set_client = @saved_cs_client */;

--
-- Dumping data for table `student`
--

LOCK TABLES `student` WRITE;
/*!40000 ALTER TABLE `student` DISABLE KEYS */;
INSERT INTO `student` VALUES (2374376432,'nimi7','perekonnanimi7','2002-08-12','TA-23B'),(12030943421,'nimi3','perekonnanimi3','2004-05-12','MM-23'),(12346723475,'nimi4','perekonnanimi4','2005-05-12','MM-22'),(12390123898,'nimi2','perekonnanimi2','2003-05-12','MM-22'),(23423578239,'nimi5','perekonnanimi5','2002-06-12','TA-23B'),(23490684538,'nimi8','perekonnanimi8','2002-05-19','TA-23A'),(32972489348,'nimi1','perekonnanimi1','2002-05-12','MM-23'),(39904221112,'Peeter','P천ld','1999-04-22','TA-23B'),(60205147621,'Aleksandra','Poljakova','2002-05-14','TA-23A'),(60605089235,'Gerda','Siitan','2006-05-08','MM-22'),(68394852093,'nimi6','perekonnanimi6','2002-07-12','TA-23A'),(83294469238,'Youngji','Lee','2002-05-12','MM-23');
/*!40000 ALTER TABLE `student` ENABLE KEYS */;
UNLOCK TABLES;
/*!40103 SET TIME_ZONE=@OLD_TIME_ZONE */;

/*!40101 SET SQL_MODE=@OLD_SQL_MODE */;
/*!40014 SET FOREIGN_KEY_CHECKS=@OLD_FOREIGN_KEY_CHECKS */;
/*!40014 SET UNIQUE_CHECKS=@OLD_UNIQUE_CHECKS */;
/*!40101 SET CHARACTER_SET_CLIENT=@OLD_CHARACTER_SET_CLIENT */;
/*!40101 SET CHARACTER_SET_RESULTS=@OLD_CHARACTER_SET_RESULTS */;
/*!40101 SET COLLATION_CONNECTION=@OLD_COLLATION_CONNECTION */;
/*!40111 SET SQL_NOTES=@OLD_SQL_NOTES */;

-- Dump completed on 2024-09-20  9:10:09
